{"cameraMode":{"drawMode":0,"name":"Shaded","section":"Shading Mode"},"sceneLighting":false,"audioPlay":false,"sceneViewState":{"showFog":true,"showMaterialUpdate":false,"showSkybox":true,"showFlares":true,"showImageEffects":true,"showParticleSystems":true},"in2DMode":false,"pivot":{"x":117.0806884765625,"y":2.309330940246582,"z":-6.907057762145996},"rotation":{"x":0.2805839776992798,"y":-0.3363421559333801,"z":0.10571137070655823,"w":0.8927327394485474},"size":476.7027893066406,"orthographic":false}