{"cameraMode":{"drawMode":0,"name":"Shaded","section":"Shading Mode"},"sceneLighting":false,"audioPlay":false,"sceneViewState":{"showFog":true,"showMaterialUpdate":false,"showSkybox":true,"showFlares":true,"showImageEffects":true,"showParticleSystems":true},"in2DMode":false,"pivot":{"x":8.687931060791016,"y":10.502395629882813,"z":1.5914621353149415},"rotation":{"x":-0.09396367520093918,"y":0.5115503072738648,"z":-0.05640043318271637,"w":-0.8522360324859619},"size":21.04521369934082,"orthographic":false}